loss,accuracy
0.662852942943573,0.5961066666666667
0.8953614433606466,0.86472
