loss,accuracy
0.6678390900293986,0.5932266666666667
0.6370147466659546,0.6415866666666666
