{
    "timestamp": "20250220_132038",
    "config": {
        "learning_rate": 0.0005,
        "batch_size": 64,
        "epochs": 5,
        "hidden_size1": 256,
        "hidden_size2": 512,
        "optimizer": "sgd",
        "activation": "tanh",
        "random_seed": 0
    },
    "results": {
        "val_loss": 0.6738004684448242,
        "val_accuracy": 0.5854,
        "val_precision": 0.5865811544153922,
        "val_recall": 0.4905115511551155
    }
}