{
    "timestamp": "20250220_134246",
    "config": {
        "learning_rate": 0.001,
        "batch_size": 32,
        "epochs": 5,
        "hidden_size1": 256,
        "hidden_size2": 128,
        "optimizer": "rmsprop",
        "activation": "leaky_relu",
        "random_seed": 0
    },
    "results": {
        "val_loss": 0.6702719926834106,
        "val_accuracy": 0.5774,
        "val_precision": 0.6499517839922855,
        "val_recall": 0.27805280528052806
    }
}