{
    "timestamp": "20250220_133458",
    "config": {
        "learning_rate": 0.001,
        "batch_size": 32,
        "epochs": 5,
        "hidden_size1": 256,
        "hidden_size2": 128,
        "optimizer": "rmsprop",
        "activation": "leaky_relu",
        "random_seed": 1
    },
    "results": {
        "val_loss": 0.6594404578208923,
        "val_accuracy": 0.6074,
        "val_precision": 0.5818246361377352,
        "val_recall": 0.6761551155115512
    }
}