{
    "timestamp": "20250220_142152",
    "config": {
        "learning_rate": 0.001,
        "batch_size": 32,
        "epochs": 5,
        "hidden_size1": 256,
        "hidden_size2": 128,
        "optimizer": "rmsprop",
        "activation": "leaky_relu",
        "random_seed": 1
    },
    "results": {
        "val_loss": 0.8423873782157898,
        "val_accuracy": 0.875,
        "val_precision": 0.8531605810757754,
        "val_recall": 0.8964521452145214
    }
}