{
    "timestamp": "20250220_132709",
    "config": {
        "learning_rate": 0.001,
        "batch_size": 32,
        "epochs": 5,
        "hidden_size1": 256,
        "hidden_size2": 128,
        "optimizer": "rmsprop",
        "activation": "leaky_relu",
        "random_seed": 2
    },
    "results": {
        "val_loss": 0.6615877151489258,
        "val_accuracy": 0.6046,
        "val_precision": 0.5814801312431644,
        "val_recall": 0.658003300330033
    }
}